{"cameraMode":{"drawMode":0,"name":"Shaded","section":"Shading Mode"},"sceneLighting":true,"audioPlay":false,"sceneViewState":{"m_AlwaysRefresh":false,"showFog":true,"showSkybox":true,"showFlares":true,"showImageEffects":true,"showParticleSystems":true,"showVisualEffectGraphs":true,"m_FxEnabled":true},"in2DMode":false,"pivot":{"x":8.350122451782227,"y":3.4654760360717775,"z":-5.882942199707031},"rotation":{"x":-0.12804849445819856,"y":0.5385226011276245,"z":-0.08321214467287064,"w":-0.8286634683609009},"size":0.19312305748462678,"orthographic":false}