{"cameraMode":{"drawMode":0,"name":"Shaded","section":"Shading Mode"},"sceneLighting":true,"audioPlay":false,"sceneViewState":{"m_AlwaysRefresh":false,"showFog":true,"showSkybox":true,"showFlares":true,"showImageEffects":true,"showParticleSystems":true,"showVisualEffectGraphs":true,"m_FxEnabled":true},"in2DMode":false,"pivot":{"x":-5.546947479248047,"y":3.2026071548461916,"z":26.636991500854493},"rotation":{"x":0.004737549461424351,"y":0.9948132038116455,"z":-0.08527464419603348,"w":0.05527036264538765},"size":5.358685493469238,"orthographic":false}