{"cameraMode":{"drawMode":0,"name":"Shaded","section":"Shading Mode"},"sceneLighting":true,"audioPlay":false,"sceneViewState":{"m_AlwaysRefresh":false,"showFog":true,"showSkybox":true,"showFlares":true,"showImageEffects":true,"showParticleSystems":true,"showVisualEffectGraphs":true,"m_FxEnabled":true},"in2DMode":false,"pivot":{"x":11.701826095581055,"y":1.1937224864959717,"z":-18.840635299682618},"rotation":{"x":-0.12837377190589906,"y":0.6540380120277405,"z":-0.11395770311355591,"w":-0.7367468476295471},"size":1.5934001207351685,"orthographic":false}