{"cameraMode":{"drawMode":0,"name":"Shaded","section":"Shading Mode"},"sceneLighting":true,"audioPlay":false,"sceneViewState":{"m_AlwaysRefresh":false,"showFog":true,"showSkybox":true,"showFlares":true,"showImageEffects":true,"showParticleSystems":true,"showVisualEffectGraphs":true,"m_FxEnabled":true},"in2DMode":false,"pivot":{"x":-1.8120946884155274,"y":1.319793701171875,"z":-1.3290767669677735},"rotation":{"x":-0.0990082249045372,"y":-0.2205055207014084,"z":0.022527113556861879,"w":-0.9701160192489624},"size":2.7149465084075929,"orthographic":false}