{"cameraMode":{"drawMode":0,"name":"Shaded","section":"Shading Mode"},"sceneLighting":true,"audioPlay":false,"sceneViewState":{"m_AlwaysRefresh":false,"showFog":true,"showSkybox":true,"showFlares":true,"showImageEffects":true,"showParticleSystems":true,"showVisualEffectGraphs":true,"m_FxEnabled":true},"in2DMode":false,"pivot":{"x":1122.4161376953125,"y":431.4466247558594,"z":71.16389465332031},"rotation":{"x":-0.04171283170580864,"y":-0.11603785306215286,"z":0.004889762960374355,"w":-0.9923757314682007},"size":722.6541137695313,"orthographic":false}