{"cameraMode":{"drawMode":0,"name":"Shaded","section":"Shading Mode"},"sceneLighting":true,"audioPlay":false,"sceneViewState":{"m_AlwaysRefresh":false,"showFog":true,"showSkybox":true,"showFlares":true,"showImageEffects":true,"showParticleSystems":true,"showVisualEffectGraphs":true,"m_FxEnabled":true},"in2DMode":false,"pivot":{"x":74.56995391845703,"y":-56.88837814331055,"z":-63.195682525634769},"rotation":{"x":-0.18258658051490785,"y":-0.26558420062065127,"z":0.051301177591085437,"w":-0.9452610611915588},"size":380.99078369140627,"orthographic":false}