{"cameraMode":{"drawMode":0,"name":"Shaded","section":"Shading Mode"},"sceneLighting":true,"audioPlay":false,"sceneViewState":{"m_AlwaysRefresh":false,"showFog":true,"showSkybox":true,"showFlares":true,"showImageEffects":true,"showParticleSystems":true,"showVisualEffectGraphs":true,"m_FxEnabled":true},"in2DMode":false,"pivot":{"x":-16.48537826538086,"y":13.167401313781739,"z":-208.99586486816407},"rotation":{"x":0.20623640716075898,"y":0.7768551111221314,"z":-0.31909123063087466,"w":0.5022251009941101},"size":10.762137413024903,"orthographic":false}