{"cameraMode":{"drawMode":0,"name":"Shaded","section":"Shading Mode"},"sceneLighting":true,"audioPlay":false,"sceneViewState":{"m_AlwaysRefresh":false,"showFog":true,"showSkybox":true,"showFlares":true,"showImageEffects":true,"showParticleSystems":true,"showVisualEffectGraphs":true,"m_FxEnabled":true},"in2DMode":false,"pivot":{"x":1.1895771026611329,"y":-1.4366035461425782,"z":23.059894561767579},"rotation":{"x":0.21905303001403809,"y":-0.5580951571464539,"z":0.15572698414325715,"w":0.7850526571273804},"size":12.823319435119629,"orthographic":false}