{"cameraMode":{"drawMode":0,"name":"Shaded","section":"Shading Mode"},"sceneLighting":true,"audioPlay":false,"sceneViewState":{"m_AlwaysRefresh":false,"showFog":true,"showSkybox":true,"showFlares":true,"showImageEffects":true,"showParticleSystems":true,"showVisualEffectGraphs":true,"m_FxEnabled":true},"in2DMode":false,"pivot":{"x":102.8766098022461,"y":70.13870239257813,"z":-150.31686401367188},"rotation":{"x":-0.00122782529797405,"y":-0.9840567708015442,"z":0.17785826325416566,"w":-0.00678320461884141},"size":237.14198303222657,"orthographic":false}