{"cameraMode":{"drawMode":0,"name":"Shaded","section":"Shading Mode"},"sceneLighting":true,"audioPlay":false,"sceneViewState":{"m_AlwaysRefresh":false,"showFog":true,"showSkybox":true,"showFlares":true,"showImageEffects":true,"showParticleSystems":true,"showVisualEffectGraphs":true,"m_FxEnabled":true},"in2DMode":false,"pivot":{"x":127.39999389648438,"y":11.989999771118164,"z":56.94999694824219},"rotation":{"x":-0.06890980899333954,"y":0.22604407370090486,"z":-0.016032777726650239,"w":-0.9715453386306763},"size":19.085357666015626,"orthographic":false}