{"cameraMode":{"drawMode":0,"name":"Shaded","section":"Shading Mode"},"sceneLighting":true,"audioPlay":false,"sceneViewState":{"m_AlwaysRefresh":false,"showFog":true,"showSkybox":true,"showFlares":true,"showImageEffects":true,"showParticleSystems":true,"showVisualEffectGraphs":true,"m_FxEnabled":true},"in2DMode":false,"pivot":{"x":254.2222900390625,"y":239.86749267578126,"z":65.20616912841797},"rotation":{"x":-0.060256123542785647,"y":0.9366375207901001,"z":-0.20140989124774934,"w":-0.2802177965641022},"size":101.03604125976563,"orthographic":false}