{"cameraMode":{"drawMode":0,"name":"Shaded","section":"Shading Mode"},"sceneLighting":true,"audioPlay":false,"sceneViewState":{"m_AlwaysRefresh":false,"showFog":true,"showSkybox":true,"showFlares":true,"showImageEffects":true,"showParticleSystems":true,"showVisualEffectGraphs":true,"m_FxEnabled":true},"in2DMode":false,"pivot":{"x":0.5892872214317322,"y":-0.2810182571411133,"z":0.5125266909599304},"rotation":{"x":-0.21264488995075227,"y":-0.37748241424560549,"z":0.08950493484735489,"w":-0.8968232274055481},"size":8.870206832885743,"orthographic":false}