{"cameraMode":{"drawMode":0,"name":"Shaded","section":"Shading Mode"},"sceneLighting":true,"audioPlay":false,"sceneViewState":{"m_AlwaysRefresh":false,"showFog":true,"showSkybox":true,"showFlares":true,"showImageEffects":true,"showParticleSystems":true,"showVisualEffectGraphs":true,"m_FxEnabled":true},"in2DMode":false,"pivot":{"x":0.7545146942138672,"y":2.7350001335144045,"z":-2.048807144165039},"rotation":{"x":-0.043482616543769839,"y":0.9379736185073853,"z":-0.12769712507724763,"w":-0.3193930983543396},"size":51.56117248535156,"orthographic":false}