{"cameraMode":{"drawMode":0,"name":"Shaded","section":"Shading Mode"},"sceneLighting":true,"audioPlay":false,"sceneViewState":{"m_AlwaysRefresh":false,"showFog":true,"showSkybox":true,"showFlares":true,"showImageEffects":true,"showParticleSystems":true,"showVisualEffectGraphs":true,"m_FxEnabled":true},"in2DMode":false,"pivot":{"x":285.55450439453127,"y":1.6449999809265137,"z":-218.24880981445313},"rotation":{"x":-0.034461475908756259,"y":0.1395551562309265,"z":-0.004859718959778547,"w":-0.9896034002304077},"size":2.7475311756134035,"orthographic":false}