{"cameraMode":{"drawMode":0,"name":"Shaded","section":"Shading Mode"},"sceneLighting":true,"audioPlay":false,"sceneViewState":{"m_AlwaysRefresh":false,"showFog":true,"showSkybox":true,"showFlares":true,"showImageEffects":true,"showParticleSystems":true,"showVisualEffectGraphs":true,"m_FxEnabled":true},"in2DMode":false,"pivot":{"x":142.19664001464845,"y":9.781195640563965,"z":15.595843315124512},"rotation":{"x":0.18447944521903993,"y":0.22796787321567536,"z":-0.044019997119903567,"w":0.9550449848175049},"size":0.21097002923488618,"orthographic":false}