{"cameraMode":{"drawMode":0,"name":"Shaded","section":"Shading Mode"},"sceneLighting":true,"audioPlay":false,"sceneViewState":{"m_AlwaysRefresh":false,"showFog":true,"showSkybox":true,"showFlares":true,"showImageEffects":true,"showParticleSystems":true,"showVisualEffectGraphs":true,"m_FxEnabled":true},"in2DMode":false,"pivot":{"x":292.20001220703127,"y":-0.7649993896484375,"z":-195.04881286621095},"rotation":{"x":-0.16851122677326203,"y":-0.19610141217708589,"z":0.0342281274497509,"w":-0.9653992056846619},"size":52.50522994995117,"orthographic":false}