{"cameraMode":{"drawMode":0,"name":"Shaded","section":"Shading Mode"},"sceneLighting":true,"audioPlay":false,"sceneViewState":{"m_AlwaysRefresh":false,"showFog":true,"showSkybox":true,"showFlares":true,"showImageEffects":true,"showParticleSystems":true,"showVisualEffectGraphs":true,"m_FxEnabled":true},"in2DMode":false,"pivot":{"x":0.740128755569458,"y":1.0355350971221924,"z":0.23874861001968385},"rotation":{"x":-0.04502981901168823,"y":-0.6548458933830261,"z":0.03916214779019356,"w":-0.7534409761428833},"size":2.7818708419799806,"orthographic":false}