{"cameraMode":{"drawMode":0,"name":"Shaded","section":"Shading Mode"},"sceneLighting":true,"audioPlay":false,"sceneViewState":{"m_AlwaysRefresh":false,"showFog":true,"showSkybox":true,"showFlares":true,"showImageEffects":true,"showParticleSystems":true,"showVisualEffectGraphs":true,"m_FxEnabled":true},"in2DMode":false,"pivot":{"x":285.55450439453127,"y":1.6449999809265137,"z":-218.24880981445313},"rotation":{"x":-0.09090427309274674,"y":0.8091588020324707,"z":-0.13000793755054475,"w":-0.5657764673233032},"size":1.957626223564148,"orthographic":false}