{"cameraMode":{"drawMode":0,"name":"Shaded","section":"Shading Mode"},"sceneLighting":true,"audioPlay":false,"sceneViewState":{"m_AlwaysRefresh":false,"showFog":true,"showSkybox":true,"showFlares":true,"showImageEffects":true,"showParticleSystems":true,"showVisualEffectGraphs":true,"m_FxEnabled":true},"in2DMode":false,"pivot":{"x":13.306083679199219,"y":3.4186453819274904,"z":-16.65226173400879},"rotation":{"x":-0.18489179015159608,"y":0.020054524764418603,"z":-0.0037723362911492588,"w":-0.9825504422187805},"size":1.96860933303833,"orthographic":false}