{"cameraMode":{"drawMode":0,"name":"Shaded","section":"Shading Mode"},"sceneLighting":true,"audioPlay":false,"sceneViewState":{"m_AlwaysRefresh":false,"showFog":true,"showSkybox":true,"showFlares":true,"showImageEffects":true,"showParticleSystems":true,"showVisualEffectGraphs":true,"m_FxEnabled":true},"in2DMode":false,"pivot":{"x":0.27734971046447756,"y":4.969160079956055,"z":-12.741315841674805},"rotation":{"x":-0.06978346407413483,"y":0.9297952651977539,"z":-0.26969313621520998,"w":-0.2405865639448166},"size":24.423477172851564,"orthographic":false}