{"cameraMode":{"drawMode":0,"name":"Shaded","section":"Shading Mode"},"sceneLighting":true,"audioPlay":false,"sceneViewState":{"m_AlwaysRefresh":false,"showFog":true,"showSkybox":true,"showFlares":true,"showImageEffects":true,"showParticleSystems":true,"showVisualEffectGraphs":true,"m_FxEnabled":true},"in2DMode":false,"pivot":{"x":0.0500030517578125,"y":1.0740013122558594,"z":90.0989990234375},"rotation":{"x":-0.02729780413210392,"y":0.024585286155343057,"z":-0.0006709193694405258,"w":-0.9993287324905396},"size":52.11753463745117,"orthographic":false}