{"cameraMode":{"drawMode":0,"name":"Shaded","section":"Shading Mode"},"sceneLighting":true,"audioPlay":false,"sceneViewState":{"m_AlwaysRefresh":false,"showFog":true,"showSkybox":true,"showFlares":true,"showImageEffects":true,"showParticleSystems":true,"showVisualEffectGraphs":true,"m_FxEnabled":true},"in2DMode":false,"pivot":{"x":254.2222900390625,"y":239.86749267578126,"z":65.20616912841797},"rotation":{"x":0.005967325530946255,"y":0.9778856039047241,"z":-0.2072128802537918,"w":0.028173670172691346},"size":504.19390869140627,"orthographic":false}