{"cameraMode":{"drawMode":0,"name":"Shaded","section":"Shading Mode"},"sceneLighting":true,"audioPlay":false,"sceneViewState":{"m_AlwaysRefresh":false,"showFog":true,"showSkybox":true,"showFlares":true,"showImageEffects":true,"showParticleSystems":true,"showVisualEffectGraphs":true,"m_FxEnabled":true},"in2DMode":false,"pivot":{"x":254.97560119628907,"y":3.282329559326172,"z":318.39849853515627},"rotation":{"x":0.14991246163845063,"y":0.29638493061065676,"z":-0.04716518893837929,"w":0.9420573115348816},"size":2.640363931655884,"orthographic":false}