{"cameraMode":{"drawMode":0,"name":"Shaded","section":"Shading Mode"},"sceneLighting":true,"audioPlay":false,"sceneViewState":{"m_AlwaysRefresh":false,"showFog":true,"showSkybox":true,"showFlares":true,"showImageEffects":true,"showParticleSystems":true,"showVisualEffectGraphs":true,"m_FxEnabled":true},"in2DMode":false,"pivot":{"x":13.039693832397461,"y":2.405996799468994,"z":-16.284530639648439},"rotation":{"x":-0.10033149272203446,"y":0.013428648933768273,"z":-0.0013556582853198052,"w":-0.9948682188987732},"size":4.84855318069458,"orthographic":false}