{"cameraMode":{"drawMode":0,"name":"Shaded","section":"Shading Mode"},"sceneLighting":true,"audioPlay":false,"sceneViewState":{"m_AlwaysRefresh":false,"showFog":true,"showSkybox":true,"showFlares":true,"showImageEffects":true,"showParticleSystems":true,"showVisualEffectGraphs":true,"m_FxEnabled":true},"in2DMode":false,"pivot":{"x":-7.802789688110352,"y":-1.7074241638183594,"z":-216.15602111816407},"rotation":{"x":-0.060256123542785647,"y":0.9366375207901001,"z":-0.20140989124774934,"w":-0.2802177965641022},"size":14.735942840576172,"orthographic":false}