{"cameraMode":{"drawMode":0,"name":"Shaded","section":"Shading Mode"},"sceneLighting":false,"audioPlay":false,"sceneViewState":{"m_AlwaysRefresh":false,"showFog":true,"showSkybox":false,"showFlares":true,"showImageEffects":true,"showParticleSystems":true,"showVisualEffectGraphs":true,"m_FxEnabled":true},"in2DMode":false,"pivot":{"x":0.2632307708263397,"y":1.5319831371307374,"z":0.5218437314033508},"rotation":{"x":-0.007115738932043314,"y":0.988176167011261,"z":-0.14541871845722199,"w":-0.048343248665332797},"size":2.215520143508911,"orthographic":false}