{"cameraMode":{"drawMode":0,"name":"Shaded","section":"Shading Mode"},"sceneLighting":false,"audioPlay":false,"sceneViewState":{"m_AlwaysRefresh":false,"showFog":true,"showSkybox":false,"showFlares":true,"showImageEffects":true,"showParticleSystems":true,"showVisualEffectGraphs":true,"m_FxEnabled":true},"in2DMode":false,"pivot":{"x":0.15000009536743165,"y":1.7100000381469727,"z":-10.309999465942383},"rotation":{"x":-0.06978346407413483,"y":0.9297952651977539,"z":-0.26969313621520998,"w":-0.2405865639448166},"size":12.12435531616211,"orthographic":false}