{"cameraMode":{"drawMode":0,"name":"Shaded","section":"Shading Mode"},"sceneLighting":false,"audioPlay":false,"sceneViewState":{"m_AlwaysRefresh":false,"showFog":true,"showSkybox":false,"showFlares":true,"showImageEffects":true,"showParticleSystems":true,"showVisualEffectGraphs":true,"m_FxEnabled":true},"in2DMode":false,"pivot":{"x":437.37725830078127,"y":195.86749267578126,"z":-8.27440357208252},"rotation":{"x":0.13730856776237489,"y":0.8315693736076355,"z":-0.23607037961483003,"w":0.48366427421569826},"size":485.11602783203127,"orthographic":false}